<?xml version="1.0" encoding="UTF-8"?>
<project-private xmlns="http://www.netbeans.org/ns/project-private/1">
    <editor-bookmarks xmlns="http://www.netbeans.org/ns/editor-bookmarks/2" lastBookmarkId="0"/>
    <open-files xmlns="http://www.netbeans.org/ns/projectui-open-files/2">
        <group>
            <file>file:/C:/Users/deins/Desktop/jspweb/web/WebRoot/add.jsp</file>
            <file>file:/C:/Users/deins/Desktop/jspweb/web/WebRoot/vote.jsp</file>
            <file>file:/C:/Users/deins/Desktop/jspweb/web/WebRoot/info.jsp</file>
            <file>file:/C:/Users/deins/Desktop/jspweb/web/WebRoot/login.jsp</file>
            <file>file:/C:/Users/deins/Desktop/jspweb/web/WebRoot/manage.jsp</file>
        </group>
    </open-files>
</project-private>
