<?xml version="1.0" encoding="UTF-8"?>
<project-private xmlns="http://www.netbeans.org/ns/project-private/1">
    <editor-bookmarks xmlns="http://www.netbeans.org/ns/editor-bookmarks/2" lastBookmarkId="0"/>
    <open-files xmlns="http://www.netbeans.org/ns/projectui-open-files/2">
        <group>
            <file>file:/C:/Users/deins/Documents/NetBeansProjects/web/web/checkUser.jsp</file>
            <file>file:/C:/Users/deins/Documents/NetBeansProjects/web/src/java/bean/DBcon.java</file>
            <file>file:/C:/Users/deins/Documents/NetBeansProjects/web/web/css/style.css</file>
            <file>file:/C:/Users/deins/Documents/NetBeansProjects/web/web/main.jsp</file>
            <file>file:/C:/Users/deins/Documents/NetBeansProjects/web/web/right.jsp</file>
            <file>file:/C:/Users/deins/Documents/NetBeansProjects/web/web/left.jsp</file>
            <file>file:/C:/Users/deins/Documents/NetBeansProjects/web/web/index.jsp</file>
        </group>
    </open-files>
</project-private>
